claim_id,policy_id,accident_date,driver_age,vehicle_age,annual_premium,credit_score,gender,marital_status,region,vehicle_segment,previous_claims,has_claim
1,11824,2025-01-07,65,8,518.36,376.7,M,Divorced,North,Truck,0,0
2,13582,2025-03-01,50,19,234.5,409.4,F,Single,West,SUV,0,0
3,12615,2025-06-28,45,10,561.23,418.4,F,Single,North,Truck,0,0
4,15635,2025-06-04,34,1,1148.65,594.9,F,Single,East,SUV,4,0
5,11139,2025-01-12,60,7,1204.99,841.9,M,Single,West,SUV,3,0
6,15977,2025-02-11,41,11,472.36,446.8,M,Divorced,South,Sedan,1,1
7,14422,2025-06-13,62,17,485.5,478.4,M,Single,North,SUV,3,1
8,13456,2025-05-26,74,10,476.41,574.6,F,Single,East,Sedan,1,1
9,18830,2025-03-09,65,18,756.96,620.9,F,Single,South,Truck,0,0
10,11796,2025-02-09,58,5,1229.7,532.2,M,Married,West,Truck,4,0
11,19064,2025-01-03,61,3,1086.22,595.3,F,Divorced,East,Hatchback,2,0
12,17433,2025-01-01,79,8,1463.45,719.1,M,Divorced,East,Sedan,1,0
13,12646,2025-05-19,79,16,1394.04,629.4,F,Single,North,SUV,2,0
14,13946,2025-05-26,78,2,311.35,567.3,M,Divorced,South,Sedan,5,0
15,19007,2025-02-12,34,16,1334.16,532.7,M,Divorced,South,SUV,3,1
16,16118,2025-04-23,75,16,786.93,436.3,M,Married,North,Sedan,4,1
17,11163,2025-06-11,21,7,287.62,317.3,F,Single,South,SUV,5,1
18,18834,2025-02-03,64,18,949.08,433.6,F,Married,South,Hatchback,0,0
19,15804,2025-04-19,44,14,1322.99,329.8,M,Single,West,SUV,0,0
20,13116,2025-05-18,46,4,748.45,453.2,M,Single,West,Hatchback,0,0
21,18856,2025-01-04,80,2,1404.28,766.8,M,Married,West,Truck,1,0
22,10960,2025-02-12,42,0,1480.9,445.9,F,Married,West,Truck,1,0
23,13566,2025-01-15,55,17,279.24,472.5,M,Divorced,West,Sedan,0,0
24,11312,2025-02-17,22,19,288.35,774.0,F,Single,South,Hatchback,4,1
25,19562,2025-05-25,51,10,1415.12,412.3,F,Single,East,Truck,1,1
26,14915,2025-04-28,38,2,212.11,641.6,M,Single,South,SUV,1,0
27,11127,2025-03-04,41,9,405.07,758.6,F,Divorced,North,SUV,5,0
28,12200,2025-03-09,25,3,1165.14,385.5,F,Divorced,South,SUV,1,1
29,14325,2025-05-10,49,8,1376.94,765.4,M,Divorced,West,SUV,0,0
30,12143,2025-06-13,80,8,410.06,543.0,F,Divorced,North,Hatchback,0,0
31,12442,2025-05-20,20,11,957.26,381.5,M,Single,East,SUV,0,1
32,13441,2025-06-24,33,3,659.78,607.9,F,Divorced,South,Sedan,1,0
33,12900,2025-04-16,19,5,1157.53,482.7,F,Divorced,South,SUV,1,1
34,11771,2025-04-08,73,1,1316.17,422.3,F,Married,East,Sedan,1,0
35,13164,2025-04-13,39,8,1323.66,831.8,F,Married,West,SUV,0,0
36,14279,2025-02-15,55,8,249.73,628.1,F,Divorced,East,Truck,4,0
37,11894,2025-04-09,75,18,447.1,324.4,F,Single,South,SUV,3,1
38,15409,2025-06-09,38,3,1135.68,465.2,F,Divorced,West,SUV,3,1
39,19083,2025-02-02,30,13,1064.41,508.5,M,Divorced,East,Truck,4,1
40,14978,2025-03-15,31,13,1221.49,633.7,F,Married,West,Truck,5,0
41,17752,2025-02-13,60,2,568.92,665.1,F,Single,South,SUV,1,0
42,12414,2025-01-07,20,7,1479.12,636.2,M,Married,West,Sedan,5,1
43,18099,2025-04-13,33,4,1052.88,303.0,M,Married,South,Sedan,5,0
44,10822,2025-05-23,33,3,793.4,740.8,F,Married,West,Truck,1,0
45,17777,2025-04-26,34,7,1291.82,452.5,F,Divorced,South,SUV,3,0
46,14681,2025-03-02,35,10,615.62,597.1,M,Single,South,Truck,5,0
47,13505,2025-01-17,44,13,630.15,556.3,M,Single,West,Truck,4,1
48,10320,2025-05-28,42,15,207.66,493.5,F,Married,South,Truck,1,1
49,17956,2025-01-08,42,10,1069.54,739.0,M,Married,South,Hatchback,3,0
50,10444,2025-01-22,59,13,376.41,553.9,M,Married,West,SUV,1,1
51,15529,2025-04-08,35,13,527.95,345.0,M,Divorced,North,SUV,1,1
52,10659,2025-01-08,78,7,459.17,311.2,M,Single,South,Truck,5,0
53,13571,2025-04-30,62,8,1196.97,392.3,M,Single,East,Hatchback,4,0
54,15111,2025-05-28,61,12,715.65,693.3,M,Divorced,South,Hatchback,5,1
55,19837,2025-01-31,68,18,1217.43,491.0,F,Divorced,East,Hatchback,4,1
56,10207,2025-04-18,70,15,337.2,828.4,F,Divorced,South,Truck,1,1
57,14425,2025-06-07,69,17,1207.03,555.7,F,Married,South,Hatchback,2,1
58,13995,2025-04-29,54,19,1068.65,485.0,F,Married,South,Truck,1,1
59,14232,2025-03-29,35,19,1111.54,451.9,M,Divorced,South,Hatchback,1,1
60,18004,2025-05-23,66,7,1097.79,655.2,F,Married,North,Hatchback,2,0
61,13986,2025-03-20,60,18,679.73,604.4,F,Married,East,SUV,5,1
62,15023,2025-03-06,32,3,1137.67,473.6,M,Single,South,Truck,2,1
63,18595,2025-06-02,36,3,1282.42,462.9,F,Single,East,Hatchback,5,0
64,14494,2025-01-12,80,1,919.37,683.6,M,Divorced,West,Hatchback,0,0
65,17690,2025-05-03,46,10,439.67,328.3,F,Single,North,Truck,3,0
66,10878,2025-02-08,27,18,1433.86,346.8,M,Single,West,Sedan,4,1
67,17253,2025-03-18,73,18,1487.04,468.0,M,Divorced,North,Sedan,5,1
68,11330,2025-02-10,33,5,917.59,386.1,F,Married,West,SUV,0,0
69,14632,2025-06-29,73,14,292.53,428.4,F,Divorced,South,Truck,0,0
70,12441,2025-03-10,70,4,292.83,391.3,F,Divorced,East,Truck,0,0
71,14982,2025-06-29,43,8,850.61,571.6,M,Divorced,North,Truck,5,0
72,14102,2025-01-07,23,7,1450.48,759.8,M,Divorced,East,Hatchback,1,0
73,17245,2025-03-13,29,18,766.65,747.8,M,Married,East,Truck,2,0
74,11713,2025-02-11,39,13,1101.78,458.5,F,Divorced,North,Truck,0,0
75,15296,2025-01-30,80,12,1324.38,753.7,M,Divorced,West,Truck,0,0
76,15927,2025-06-09,66,15,1013.03,718.0,M,Married,South,SUV,3,1
77,17941,2025-02-01,19,20,991.53,431.6,M,Married,North,Truck,0,0
78,11858,2025-04-29,78,3,1042.02,384.7,F,Divorced,East,Truck,3,1
79,13993,2025-04-27,53,4,698.66,807.0,M,Single,East,Truck,2,0
80,18318,2025-03-10,70,0,567.69,464.2,F,Single,West,Truck,2,0
81,18903,2025-04-07,47,10,1330.48,839.4,M,Divorced,West,Sedan,3,0
82,17749,2025-06-30,76,12,701.9,665.0,M,Married,North,Sedan,4,1
83,15439,2025-01-26,73,14,329.63,800.7,M,Divorced,South,Truck,5,1
84,11225,2025-05-01,68,8,640.13,681.0,M,Married,West,SUV,5,0
85,17994,2025-05-19,20,19,288.95,647.1,F,Single,North,Truck,0,0
86,11646,2025-04-24,28,9,1374.45,325.3,M,Married,East,SUV,3,0
87,18702,2025-04-16,54,5,420.98,343.4,F,Divorced,South,Truck,4,0
88,17555,2025-06-13,34,14,531.92,305.2,F,Married,South,Hatchback,3,1
89,19626,2025-03-18,58,13,1097.41,551.3,F,Single,West,Truck,0,0
90,19370,2025-04-02,54,9,1490.5,462.4,F,Married,North,Hatchback,4,1
91,14689,2025-02-28,56,11,484.71,404.6,F,Divorced,South,Hatchback,5,1
92,15061,2025-04-23,20,18,674.32,372.3,F,Married,West,Sedan,1,1
93,18837,2025-04-04,51,16,1387.53,756.8,F,Married,East,SUV,0,0
94,11233,2025-02-06,66,7,1318.18,698.3,F,Divorced,East,Hatchback,3,0
95,18791,2025-02-01,47,11,1074.68,669.8,F,Divorced,East,Hatchback,5,0
96,10410,2025-06-08,74,17,626.41,635.5,M,Divorced,West,SUV,5,1
97,12290,2025-01-12,78,1,595.67,570.9,M,Single,South,Truck,3,0
98,18850,2025-04-18,55,4,1351.04,660.2,F,Divorced,West,SUV,0,0
99,13559,2025-04-24,46,7,1312.09,354.6,F,Divorced,East,Hatchback,3,0
100,12001,2025-04-27,23,6,1034.22,628.4,M,Single,East,Sedan,1,1
101,13362,2025-01-18,71,17,469.3,418.8,M,Married,South,Hatchback,2,1
102,12370,2025-02-03,52,8,1238.07,360.5,M,Single,North,SUV,1,0
103,10258,2025-02-14,34,1,364.79,531.5,M,Divorced,North,Truck,3,1
104,18408,2025-06-01,24,14,854.99,820.0,M,Divorced,East,Truck,5,1
105,10996,2025-05-03,72,12,754.16,359.4,F,Single,North,SUV,4,1
106,12067,2025-03-12,57,20,960.97,691.7,F,Divorced,East,Truck,4,1
107,11624,2025-06-29,25,20,1046.19,722.9,M,Married,West,Sedan,3,1
108,17430,2025-04-13,44,3,606.31,471.9,F,Married,South,Truck,0,0
109,11398,2025-01-24,45,3,1167.97,505.0,M,Divorced,North,SUV,5,0
110,15793,2025-06-20,78,13,1328.52,696.6,F,Divorced,East,SUV,0,0
111,13485,2025-02-09,60,15,491.52,359.5,F,Single,East,Sedan,3,1
112,19121,2025-01-07,56,8,237.64,450.3,F,Married,East,Hatchback,1,1
113,19278,2025-06-18,43,2,384.44,648.2,M,Single,South,Truck,3,0
114,12578,2025-04-05,37,10,1209.89,612.2,M,Single,South,Sedan,4,0
115,11336,2025-03-11,46,13,831.36,543.1,F,Single,North,SUV,3,1
116,19717,2025-05-05,51,9,259.04,517.4,M,Single,South,SUV,1,1
117,14186,2025-03-16,38,3,210.05,710.9,M,Single,West,Sedan,4,0
118,15802,2025-01-19,43,1,767.09,552.9,M,Married,West,Truck,5,0
119,14743,2025-01-30,43,0,1456.06,394.5,F,Divorced,East,Hatchback,3,1
120,13986,2025-04-22,55,12,881.15,517.7,F,Divorced,East,Sedan,2,1
121,11251,2025-05-11,58,3,889.79,406.6,F,Married,South,Sedan,0,0
122,13232,2025-02-14,56,4,1188.28,660.5,M,Divorced,West,Truck,4,0
123,17354,2025-06-24,77,18,1035.89,842.6,F,Divorced,East,Sedan,3,0
124,17245,2025-06-11,37,8,968.85,493.6,M,Married,West,Truck,0,0
125,14703,2025-01-20,59,2,999.51,578.9,F,Divorced,North,Truck,4,0
126,15267,2025-06-04,48,16,396.12,334.0,M,Married,North,Sedan,0,0
127,17172,2025-04-23,51,16,992.75,500.1,F,Married,West,SUV,5,1
128,15482,2025-01-17,39,3,925.35,512.6,F,Divorced,South,SUV,0,0
129,12317,2025-03-31,37,20,1108.02,515.6,M,Married,West,SUV,1,1
130,18624,2025-01-24,59,13,861.04,310.0,F,Single,South,SUV,3,1
131,12253,2025-02-09,22,9,1297.76,355.6,M,Divorced,East,Sedan,4,1
132,12658,2025-02-16,71,19,1251.76,391.0,F,Single,West,SUV,5,1
133,17277,2025-06-06,36,14,504.2,431.5,F,Single,East,Truck,3,1
134,16256,2025-05-09,51,13,1456.15,749.3,M,Married,North,Truck,2,1
135,11680,2025-05-13,72,3,570.58,719.7,F,Married,South,Truck,0,0
136,13637,2025-04-26,74,11,1409.61,528.2,F,Divorced,East,Sedan,3,1
137,16142,2025-02-27,19,10,1410.07,761.5,F,Single,South,Hatchback,2,1
138,17740,2025-06-28,71,4,1186.49,558.0,M,Single,North,SUV,1,1
139,18991,2025-06-05,51,13,344.54,458.5,F,Single,North,Sedan,3,1
140,17489,2025-01-17,25,15,975.76,309.0,M,Divorced,South,SUV,3,1
141,15780,2025-03-03,54,13,443.51,667.5,F,Single,North,Truck,3,0
142,16338,2025-04-06,34,0,664.22,337.2,M,Divorced,North,SUV,1,0
143,18945,2025-03-28,70,20,427.62,728.5,F,Divorced,West,Sedan,1,0
144,17498,2025-01-10,36,6,256.95,409.7,M,Married,East,Truck,4,0
145,10599,2025-06-15,30,9,664.07,729.5,F,Married,North,SUV,3,0
146,17204,2025-04-09,39,5,845.06,573.6,F,Single,West,Hatchback,3,0
147,12956,2025-05-20,36,10,333.38,480.4,F,Married,West,Truck,1,1
148,15759,2025-04-25,20,11,999.31,539.2,M,Single,West,SUV,4,1
149,12621,2025-01-08,27,19,1081.52,541.0,M,Single,South,SUV,2,1
150,19293,2025-01-09,56,4,1082.78,821.9,F,Married,North,Sedan,4,0
151,15150,2025-06-16,35,7,1448.68,314.3,M,Married,West,Hatchback,2,1
152,17311,2025-02-24,57,9,1102.17,849.2,M,Single,South,Hatchback,3,0
153,17292,2025-01-23,69,10,1068.19,690.2,F,Married,South,Sedan,2,0
154,11988,2025-02-21,68,4,507.76,571.7,F,Divorced,East,Truck,4,0
155,11412,2025-01-17,37,12,1499.47,695.4,F,Married,North,Sedan,2,1
156,17372,2025-04-30,61,16,647.87,782.9,M,Single,West,Hatchback,0,0
157,14982,2025-02-12,28,10,1415.16,424.0,F,Single,East,Sedan,5,1
158,14496,2025-02-02,58,9,998.76,351.4,M,Divorced,South,Sedan,5,0
159,19914,2025-03-28,71,18,253.55,775.1,M,Single,East,Sedan,4,1
160,10496,2025-05-08,74,20,909.25,653.0,F,Married,South,Truck,2,1
161,10981,2025-02-10,46,13,829.53,412.2,M,Married,East,SUV,3,1
162,16070,2025-05-12,53,3,614.85,556.6,F,Married,South,Sedan,0,0
163,16293,2025-06-07,44,7,1451.49,796.3,F,Divorced,East,Sedan,1,0
164,18433,2025-04-30,49,9,846.58,349.5,F,Divorced,West,Sedan,1,0
165,10797,2025-01-13,36,15,976.77,763.6,F,Married,North,Hatchback,3,0
166,14333,2025-04-04,66,12,675.72,520.3,M,Married,East,Hatchback,3,1
167,19008,2025-03-13,70,19,1084.52,365.3,M,Married,East,SUV,4,1
168,12363,2025-02-20,56,16,721.8,322.1,M,Single,East,Truck,4,1
169,19932,2025-05-12,26,10,1410.78,475.2,F,Divorced,East,SUV,4,1
170,18721,2025-05-06,63,18,589.73,748.7,F,Married,North,Truck,4,0
171,10436,2025-06-02,48,8,1457.19,730.6,M,Divorced,North,Truck,1,0
172,16229,2025-02-07,70,7,241.04,821.5,M,Single,North,Truck,2,0
173,16765,2025-06-26,31,13,852.37,636.3,F,Divorced,North,Sedan,4,0
174,15325,2025-06-19,48,16,689.87,826.2,F,Divorced,East,SUV,5,1
175,14331,2025-06-06,48,6,1444.54,453.5,F,Single,East,SUV,5,0
176,18011,2025-03-23,48,11,928.63,814.0,F,Married,North,Truck,3,1
177,12399,2025-03-16,20,9,1441.91,343.5,F,Divorced,East,Truck,1,0
178,18824,2025-03-11,77,17,1105.02,375.5,M,Single,North,Sedan,5,1
179,11641,2025-04-16,39,15,330.71,723.9,M,Divorced,South,Truck,5,1
180,17793,2025-05-03,59,6,1182.68,458.0,F,Divorced,North,Hatchback,5,0
181,18767,2025-01-10,76,5,743.25,760.7,M,Married,West,Sedan,5,0
182,14742,2025-01-10,18,9,938.35,359.0,F,Married,West,Truck,1,1
183,17668,2025-03-11,30,3,629.89,702.1,F,Divorced,South,Hatchback,5,0
184,14833,2025-05-26,61,6,428.14,770.9,F,Married,East,Hatchback,3,0
185,13027,2025-02-05,48,10,1416.57,303.8,F,Single,West,SUV,2,0
186,19386,2025-01-03,34,20,667.42,430.0,M,Married,East,Sedan,3,1
187,15095,2025-06-26,25,20,1390.97,462.3,M,Single,South,Truck,1,1
188,19924,2025-04-06,44,17,1386.64,716.5,M,Single,North,Truck,4,1
189,11279,2025-05-25,25,1,1277.41,796.6,M,Divorced,South,Sedan,2,0
190,17239,2025-01-30,61,6,1131.99,568.9,F,Single,West,Sedan,4,0
191,19239,2025-01-15,53,14,1074.6,469.5,M,Married,East,Hatchback,5,1
192,11196,2025-01-12,45,11,1110.5,597.6,M,Single,West,Hatchback,2,1
193,12218,2025-06-14,80,20,1452.92,506.0,F,Married,West,Truck,0,0
194,18835,2025-02-04,59,11,354.22,846.1,F,Divorced,South,Sedan,0,0
195,14888,2025-04-29,61,17,751.37,508.6,M,Single,West,SUV,1,1
196,11848,2025-01-09,69,13,999.4,814.9,M,Single,South,Hatchback,0,0
197,17314,2025-06-03,61,1,518.15,324.3,F,Single,South,Hatchback,1,0
198,14739,2025-03-01,70,18,614.57,628.9,F,Single,East,Sedan,5,1
199,16775,2025-03-18,35,1,923.73,625.4,M,Divorced,West,Truck,0,0
200,16244,2025-05-15,38,13,730.74,464.9,M,Divorced,West,Sedan,1,1
201,12365,2025-04-29,76,1,931.1,832.3,M,Married,South,SUV,1,0
202,11295,2025-04-26,72,11,320.2,698.5,M,Single,East,Truck,5,1
203,10647,2025-01-19,30,18,1141.6,607.4,F,Single,East,SUV,0,0
204,13113,2025-01-31,65,15,1388.77,682.6,M,Married,South,SUV,2,1
205,18743,2025-06-16,40,9,540.03,582.0,F,Married,North,Truck,2,1
206,16073,2025-03-22,44,1,931.28,421.7,M,Single,East,Truck,2,0
207,15404,2025-02-28,42,18,1283.37,574.6,F,Married,West,Truck,3,1
208,15770,2025-02-13,26,17,834.81,804.3,M,Divorced,North,Hatchback,5,0
209,10104,2025-04-16,26,20,500.86,688.9,M,Single,West,SUV,0,0
210,17916,2025-06-18,49,0,208.6,603.4,M,Single,East,SUV,0,0
211,17054,2025-02-15,24,3,881.7,432.5,F,Married,East,Truck,0,0
212,16652,2025-04-28,54,7,1487.3,424.2,M,Divorced,North,Hatchback,3,0
213,19055,2025-05-02,21,20,212.29,394.3,F,Married,East,Hatchback,4,1
214,13764,2025-02-24,75,18,818.15,325.6,M,Divorced,East,Hatchback,1,1
215,15152,2025-01-05,79,6,963.15,713.7,F,Single,East,Sedan,4,0
216,16375,2025-06-23,75,17,631.25,715.6,M,Divorced,North,SUV,0,0
217,13803,2025-01-20,39,19,1199.71,825.2,F,Married,North,SUV,3,1
218,15829,2025-05-22,78,12,761.4,673.8,F,Single,East,Sedan,5,0
219,14390,2025-02-09,42,20,400.56,514.3,F,Single,North,Hatchback,2,1
220,14419,2025-01-27,26,2,443.61,546.9,F,Single,North,Hatchback,2,0
221,19780,2025-06-03,68,10,1322.83,306.8,F,Married,North,Sedan,4,0
222,16237,2025-02-13,26,8,591.47,571.2,M,Single,West,SUV,3,0
223,11260,2025-04-03,34,7,1137.17,572.7,M,Married,North,Sedan,2,0
224,16483,2025-03-27,71,19,693.86,774.2,F,Married,West,Sedan,2,0
225,13290,2025-05-03,38,5,1453.95,832.8,F,Divorced,West,Sedan,2,0
226,16437,2025-04-04,25,18,459.74,848.5,M,Divorced,North,Truck,5,0
227,14773,2025-06-27,22,13,1074.87,376.5,F,Single,East,Sedan,5,1
228,16176,2025-01-19,46,19,823.01,520.4,F,Divorced,North,SUV,5,1
229,18796,2025-06-02,58,2,342.18,436.5,F,Single,North,Truck,2,1
230,17052,2025-01-28,18,3,536.36,580.9,M,Married,East,Truck,3,1
231,19643,2025-06-26,50,4,648.46,313.5,M,Married,West,Hatchback,0,0
232,12321,2025-03-31,37,10,791.93,413.8,F,Married,West,Hatchback,3,1
233,17412,2025-03-23,22,9,258.09,690.9,M,Married,North,Sedan,5,0
234,12858,2025-05-22,28,10,927.8,827.2,M,Married,South,Sedan,5,0
235,16481,2025-01-08,65,19,1348.03,547.3,F,Married,North,Sedan,1,1
236,11025,2025-05-28,24,17,443.05,479.3,F,Single,East,Truck,4,1
237,15134,2025-06-02,42,19,710.31,362.8,F,Married,South,SUV,4,1
238,12194,2025-03-22,25,7,596.99,400.7,M,Divorced,West,Truck,4,0
239,16286,2025-04-19,29,15,1026.15,681.4,M,Divorced,South,Truck,2,0
240,15154,2025-04-26,57,1,1325.18,823.5,F,Single,South,Truck,4,0
241,18109,2025-04-15,61,15,740.32,761.9,F,Single,North,Hatchback,1,0
242,14503,2025-02-27,52,9,418.67,551.5,F,Divorced,North,Hatchback,2,1
243,16010,2025-05-19,70,1,1188.01,542.8,M,Married,North,Sedan,2,1
244,10528,2025-04-26,34,11,1320.86,347.8,M,Single,South,SUV,5,1
245,17015,2025-02-12,57,4,1220.3,747.4,M,Divorced,East,SUV,4,0
246,15302,2025-06-30,36,9,944.56,823.8,M,Single,West,Hatchback,2,0
247,12078,2025-06-29,73,4,524.58,691.3,M,Divorced,West,Truck,1,0
248,14402,2025-06-10,44,12,787.59,648.5,M,Married,East,SUV,3,1
249,15362,2025-05-29,18,2,1150.21,552.1,F,Single,West,Sedan,3,1
250,18105,2025-03-10,38,9,639.08,617.9,F,Married,North,Hatchback,0,0
251,17529,2025-01-05,25,5,773.67,300.4,F,Single,South,SUV,1,1
252,14489,2025-01-24,59,11,525.51,504.5,M,Single,West,SUV,5,1
253,13836,2025-04-20,59,2,1114.81,300.6,F,Single,South,Sedan,4,1
254,10152,2025-01-03,62,10,1262.24,843.5,F,Divorced,South,Truck,0,0
255,11463,2025-01-27,24,10,677.83,464.6,F,Single,South,Hatchback,4,1
256,19999,2025-06-16,28,14,656.54,417.2,M,Married,West,Sedan,0,0
257,12293,2025-02-01,55,12,657.0,536.2,M,Single,East,Hatchback,1,1
258,19830,2025-06-05,36,0,1302.26,662.1,F,Single,South,Truck,2,0
259,13921,2025-05-07,42,3,513.41,650.9,M,Divorced,North,SUV,2,0
260,19312,2025-04-18,41,17,1087.82,719.5,M,Single,North,Hatchback,2,0
261,10990,2025-04-12,50,9,1017.14,575.6,F,Married,West,Hatchback,5,0
262,12501,2025-03-13,23,9,302.73,806.5,M,Divorced,East,Truck,4,0
263,11083,2025-03-21,62,13,1148.95,765.6,M,Single,North,Truck,0,0
264,19975,2025-01-15,37,5,355.28,689.3,M,Single,West,SUV,4,0
265,14247,2025-02-12,41,4,1174.71,780.4,M,Single,East,Truck,2,0
266,14308,2025-05-28,58,2,844.99,580.9,M,Married,South,SUV,1,0
267,11685,2025-05-27,61,3,496.93,579.9,M,Single,South,Hatchback,3,0
268,12458,2025-02-15,77,1,918.72,802.7,F,Single,East,Sedan,3,0
269,15241,2025-03-11,70,2,943.0,365.7,M,Single,South,Hatchback,3,0
270,17620,2025-03-14,67,9,625.49,604.2,M,Married,South,SUV,4,0
271,13974,2025-04-29,41,18,1463.42,848.8,M,Divorced,South,Sedan,0,0
272,10391,2025-03-01,52,11,1026.72,681.4,M,Married,North,Truck,5,1
273,11703,2025-02-22,51,7,745.76,828.7,M,Divorced,East,Hatchback,0,0
274,18515,2025-04-16,62,11,796.0,711.3,M,Divorced,South,Truck,0,0
275,11020,2025-04-22,60,4,507.8,443.5,F,Married,East,SUV,3,0
276,11223,2025-02-21,26,18,341.66,358.1,F,Married,East,Truck,0,0
277,13401,2025-04-26,37,14,544.51,366.0,M,Divorced,East,Hatchback,1,1
278,15370,2025-02-07,23,7,1458.92,517.9,M,Divorced,East,SUV,1,0
279,16625,2025-04-26,53,17,524.81,554.1,M,Single,North,Hatchback,1,1
280,16563,2025-04-06,61,20,1418.85,346.2,F,Single,North,Hatchback,1,1
281,17265,2025-02-02,23,10,359.29,818.3,M,Single,West,Truck,3,0
282,16990,2025-02-14,40,6,1380.8,451.2,F,Single,North,Sedan,5,0
283,16750,2025-05-21,48,1,314.04,510.7,F,Single,South,Hatchback,3,1
284,15883,2025-05-03,52,15,647.24,611.1,F,Married,East,Sedan,0,0
285,13588,2025-01-08,75,8,276.17,845.3,F,Divorced,South,Sedan,0,0
286,13951,2025-03-10,52,1,1193.26,821.3,F,Married,South,Sedan,1,0
287,15878,2025-06-01,19,11,1431.83,610.0,M,Married,East,Sedan,3,1
288,10920,2025-03-01,56,7,225.91,562.9,F,Divorced,South,Sedan,2,1
289,15301,2025-01-16,19,4,962.59,804.5,M,Divorced,East,Hatchback,2,1
290,16481,2025-05-31,24,10,592.29,375.0,M,Divorced,West,Truck,5,0
291,19207,2025-06-27,74,19,1223.09,422.8,M,Married,East,SUV,1,1
292,10029,2025-06-29,78,18,709.08,846.9,M,Single,East,Sedan,5,1
293,18129,2025-02-06,39,2,509.39,840.3,M,Divorced,North,SUV,3,0
294,13435,2025-03-05,62,2,655.63,732.9,M,Single,West,Truck,5,0
295,12725,2025-04-16,49,12,656.6,506.4,F,Divorced,South,Sedan,3,1
296,10547,2025-03-17,19,10,539.47,357.6,F,Single,West,Sedan,5,0
297,11525,2025-03-28,56,19,1361.19,687.5,F,Divorced,South,Truck,1,0
298,15424,2025-02-22,80,6,732.06,604.8,F,Divorced,East,SUV,1,0
299,16437,2025-05-27,53,15,399.67,498.5,F,Single,East,Truck,1,1
300,13390,2025-02-13,58,9,1470.18,560.5,M,Married,West,Truck,3,1
301,14341,2025-01-24,59,17,703.79,504.1,F,Married,South,Truck,0,0
302,17619,2025-03-09,32,8,933.52,383.1,M,Single,East,Truck,4,0
303,10999,2025-04-10,70,16,744.22,594.5,F,Divorced,South,Truck,2,1
304,10568,2025-05-09,54,16,1240.59,672.6,M,Single,West,Sedan,1,1
305,13157,2025-02-02,20,13,301.88,675.7,M,Divorced,South,SUV,2,1
306,11097,2025-01-23,42,17,716.56,479.4,F,Divorced,West,Hatchback,5,1
307,18561,2025-04-18,25,13,394.54,611.6,M,Single,North,SUV,4,1
308,16732,2025-03-09,42,20,831.26,634.9,M,Single,East,Truck,1,1
309,16581,2025-01-10,43,10,1097.67,327.1,F,Married,East,Hatchback,2,1
310,14965,2025-03-21,35,15,1315.71,676.7,M,Single,East,Truck,2,0
311,16828,2025-06-04,59,2,444.32,416.3,F,Divorced,West,SUV,0,0
312,12604,2025-01-17,37,16,724.4,729.3,M,Single,South,Sedan,0,0
313,17478,2025-01-13,76,11,1116.02,450.7,F,Divorced,West,Hatchback,5,1
314,16102,2025-05-06,56,14,430.86,778.8,F,Married,South,SUV,5,1
315,11480,2025-03-14,19,12,264.55,769.6,M,Single,South,Sedan,2,1
316,18409,2025-01-06,73,0,816.33,372.8,M,Divorced,North,Sedan,2,0
317,15004,2025-06-14,35,13,1364.13,768.4,F,Married,South,Truck,2,1
318,16506,2025-05-30,24,0,864.97,664.3,F,Divorced,East,SUV,5,0
319,11045,2025-03-28,35,20,622.68,452.3,F,Single,South,Sedan,0,0
320,19830,2025-04-14,60,10,1084.98,696.7,F,Married,East,Truck,3,0
321,10578,2025-05-30,63,18,1260.82,488.7,M,Divorced,West,SUV,4,1
322,12785,2025-06-18,74,17,435.48,353.7,M,Divorced,East,Sedan,5,1
323,11463,2025-02-26,40,7,1167.47,468.9,F,Married,East,SUV,3,1
324,17709,2025-01-14,73,20,958.65,819.4,M,Married,South,Hatchback,5,1
325,14888,2025-04-16,21,4,378.57,410.2,F,Divorced,West,Sedan,2,1
326,12954,2025-01-21,49,10,1020.34,397.3,M,Single,West,SUV,1,1
327,12762,2025-05-28,66,5,836.45,720.0,M,Single,West,Truck,3,0
328,17821,2025-04-09,18,1,893.92,701.9,M,Married,South,Hatchback,5,0
329,14076,2025-02-27,62,11,605.72,356.5,F,Single,North,Hatchback,2,1
330,17469,2025-05-14,56,16,639.19,788.4,M,Married,West,SUV,1,0
331,16609,2025-01-05,32,7,1145.32,372.2,M,Divorced,South,Hatchback,2,1
332,10612,2025-04-07,74,20,532.53,594.1,M,Divorced,North,Hatchback,5,1
333,10790,2025-06-26,25,13,777.61,368.0,F,Married,South,Sedan,5,1
334,10152,2025-03-19,44,3,1061.23,448.5,M,Married,North,Hatchback,2,0
335,11741,2025-05-08,30,19,459.67,444.6,M,Married,West,SUV,1,1
336,18132,2025-02-23,62,15,629.78,301.5,M,Single,West,Sedan,0,0
337,11229,2025-01-26,75,8,1037.64,551.2,F,Married,West,Hatchback,0,0
338,10646,2025-03-16,41,10,753.79,363.7,M,Single,South,Sedan,2,0
339,17171,2025-06-09,35,2,684.41,488.5,M,Married,West,Truck,2,1
340,17835,2025-04-18,59,5,346.97,682.9,M,Single,North,Truck,4,0
341,19321,2025-06-23,46,5,994.72,728.5,M,Divorced,South,Truck,3,0
342,16738,2025-04-23,20,2,540.1,472.8,M,Divorced,East,Hatchback,3,1
343,14072,2025-05-04,40,20,700.34,761.5,M,Single,South,Truck,3,1
344,11226,2025-05-06,38,7,630.16,453.0,M,Divorced,West,Truck,1,0
345,17277,2025-05-27,46,2,1313.57,545.9,M,Married,North,Hatchback,3,0
346,19128,2025-05-21,18,2,1229.32,829.7,F,Divorced,South,Truck,2,0
347,10889,2025-02-27,72,14,631.56,722.1,F,Divorced,East,Truck,0,0
348,13633,2025-01-01,39,11,1278.85,830.4,F,Divorced,East,Hatchback,0,0
349,18067,2025-02-05,70,13,339.05,636.0,M,Single,West,Sedan,3,1
350,13122,2025-03-28,24,13,260.45,648.3,M,Married,West,Sedan,3,1
351,10795,2025-05-22,77,13,1290.46,565.6,M,Divorced,South,Sedan,0,0
352,19839,2025-06-05,74,10,855.34,511.6,M,Married,West,SUV,2,0
353,12185,2025-02-05,44,19,1110.02,711.6,F,Divorced,East,Sedan,1,0
354,14760,2025-06-25,40,4,1475.74,657.5,M,Divorced,East,Hatchback,2,0
355,19548,2025-05-27,78,13,1076.52,791.6,F,Married,North,Hatchback,0,0
356,10869,2025-06-21,21,6,547.07,732.0,F,Divorced,East,Sedan,0,0
357,14835,2025-02-22,66,17,242.0,747.7,M,Divorced,South,Truck,1,1
358,14712,2025-06-27,60,1,1404.43,513.2,F,Divorced,North,Hatchback,5,0
359,17259,2025-02-27,76,20,1116.02,656.2,M,Divorced,South,SUV,3,0
360,11220,2025-02-17,79,5,1155.6,365.6,M,Married,East,SUV,1,0
361,14178,2025-01-02,39,14,1122.6,385.1,M,Married,North,SUV,3,1
362,19013,2025-04-02,22,10,883.01,826.3,M,Divorced,South,Truck,4,0
363,11506,2025-03-31,32,6,1062.33,482.1,F,Single,West,Hatchback,0,0
364,17301,2025-03-03,75,20,997.81,641.6,M,Divorced,East,Truck,0,0
365,18851,2025-03-14,19,16,1268.74,506.2,F,Married,North,SUV,5,1
366,18419,2025-01-22,78,3,417.61,826.0,M,Divorced,North,Sedan,5,0
367,13492,2025-06-25,45,3,467.25,755.8,F,Divorced,North,Sedan,0,0
368,15434,2025-01-10,23,2,270.55,736.8,M,Divorced,South,SUV,3,0
369,16626,2025-04-21,38,0,706.35,365.1,M,Divorced,North,Hatchback,5,1
370,15860,2025-05-09,24,9,1222.96,465.7,M,Married,West,Truck,3,1
371,10504,2025-05-02,28,17,485.83,710.7,F,Divorced,South,SUV,5,1
372,16113,2025-01-03,53,17,383.79,323.0,F,Divorced,North,SUV,1,1
373,15633,2025-02-24,44,20,1306.9,378.4,M,Single,East,Sedan,0,0
374,19294,2025-01-14,72,17,799.64,602.3,F,Divorced,North,SUV,0,0
375,19512,2025-05-05,78,10,664.28,669.2,M,Single,East,Hatchback,1,0
376,17383,2025-03-26,57,9,1101.5,383.8,F,Married,West,Sedan,0,0
377,13629,2025-06-14,45,8,1292.14,373.9,F,Married,West,Truck,2,1
378,17978,2025-05-22,24,5,1039.22,345.1,F,Single,South,SUV,5,1
379,11252,2025-01-20,75,0,1304.46,647.4,F,Divorced,South,Hatchback,4,0
380,18842,2025-05-01,59,4,675.56,422.8,F,Single,West,Hatchback,3,0
381,10173,2025-06-19,33,19,1089.41,716.5,M,Married,South,Sedan,4,1
382,12395,2025-05-04,78,11,252.55,718.8,M,Single,East,SUV,1,0
383,13387,2025-05-13,76,11,704.52,804.8,M,Single,East,Hatchback,5,1
384,14480,2025-03-09,55,17,941.21,507.2,F,Married,North,SUV,3,1
385,13651,2025-05-13,43,11,1262.41,489.8,F,Divorced,North,Sedan,3,1
386,11263,2025-05-12,59,8,474.97,402.8,F,Divorced,North,Sedan,3,1
387,11856,2025-05-04,61,15,822.73,624.9,F,Single,South,Hatchback,1,1
388,12639,2025-02-04,58,16,250.95,614.7,M,Single,East,Sedan,4,1
389,19819,2025-05-25,58,0,1342.06,700.4,F,Single,South,Truck,4,0
390,17891,2025-02-13,32,13,981.09,737.0,M,Divorced,East,Sedan,5,1
391,17429,2025-06-02,55,2,498.76,512.0,M,Single,South,Truck,1,0
392,12906,2025-05-02,75,19,979.76,782.8,M,Single,West,Sedan,4,1
393,10019,2025-06-23,59,13,878.66,503.7,M,Divorced,West,Sedan,3,1
394,16246,2025-03-31,55,18,327.03,373.6,F,Single,North,SUV,4,1
395,16695,2025-03-07,30,0,1121.89,734.2,M,Divorced,North,Truck,5,0
396,15175,2025-04-15,41,3,401.21,658.4,F,Married,West,SUV,4,0
397,16511,2025-02-22,44,17,1218.92,565.4,F,Divorced,West,SUV,2,1
398,16522,2025-02-05,72,3,1172.16,545.6,M,Single,South,Truck,2,1
399,10852,2025-02-11,42,20,206.88,350.1,M,Married,West,Hatchback,0,0
400,16075,2025-01-21,56,1,1141.84,811.9,F,Divorced,East,Hatchback,1,0
401,17192,2025-01-03,30,16,571.81,318.5,M,Divorced,South,Hatchback,2,1
402,10004,2025-02-10,23,8,1213.57,494.2,F,Married,South,Hatchback,5,1
403,11477,2025-05-21,36,17,1389.51,491.5,F,Single,South,Truck,3,1
404,14277,2025-02-14,44,16,338.4,339.8,F,Married,North,SUV,4,1
405,19419,2025-03-06,62,14,1455.87,609.7,M,Married,West,Truck,4,1
406,17896,2025-01-30,34,2,697.48,733.8,M,Divorced,South,SUV,3,0
407,18462,2025-05-18,18,8,522.73,351.2,F,Single,South,Truck,2,1
408,19399,2025-03-10,29,6,848.7,409.8,M,Married,South,Sedan,1,1
409,15833,2025-02-09,67,3,355.84,343.2,F,Divorced,North,Hatchback,3,0
410,15167,2025-05-07,75,18,1329.4,569.9,F,Married,South,Sedan,0,0
411,16933,2025-05-03,78,17,242.33,491.0,M,Married,North,Truck,2,1
412,10193,2025-06-22,31,12,955.31,479.0,F,Single,East,Sedan,2,1
413,15621,2025-04-04,29,15,751.13,530.5,F,Married,West,SUV,3,1
414,12148,2025-05-28,61,7,1258.45,696.4,M,Divorced,West,Truck,1,0
415,12450,2025-05-02,69,0,429.59,574.8,F,Married,East,SUV,4,1
416,10781,2025-04-12,24,5,278.05,747.6,F,Divorced,North,Truck,5,0
417,15914,2025-04-03,53,17,1411.4,441.7,M,Married,North,SUV,5,1
418,13259,2025-05-28,54,20,1043.87,396.0,F,Married,East,Truck,5,1
419,11284,2025-04-08,57,9,802.88,826.1,M,Divorced,East,Truck,5,0
420,16631,2025-01-19,23,5,646.71,472.4,F,Divorced,East,Truck,2,1
421,15950,2025-05-31,51,14,738.19,401.1,M,Single,South,SUV,5,1
422,11311,2025-02-23,28,12,333.91,335.1,F,Divorced,North,Hatchback,3,1
423,11363,2025-01-27,34,19,401.86,660.2,F,Married,South,Sedan,5,0
424,12071,2025-02-03,51,5,237.14,665.0,F,Married,West,SUV,4,0
425,18835,2025-02-15,55,19,793.51,711.9,F,Divorced,East,SUV,3,1
426,11467,2025-04-24,37,11,735.86,385.6,M,Single,South,SUV,2,1
427,10136,2025-06-26,77,15,1431.04,562.4,M,Married,East,Sedan,0,0
428,13089,2025-04-16,74,17,768.24,437.4,F,Married,South,SUV,0,0
429,13924,2025-05-13,66,19,1249.85,676.6,F,Divorced,East,Truck,1,1
430,12988,2025-02-04,36,3,1027.96,639.8,F,Divorced,West,Sedan,2,0
431,10813,2025-05-17,19,5,1464.03,455.2,M,Divorced,West,Hatchback,1,0
432,10241,2025-05-07,31,10,746.32,732.1,F,Married,West,Hatchback,2,0
433,12393,2025-01-15,35,12,292.8,558.6,M,Married,West,Hatchback,0,0
434,14078,2025-04-09,67,14,521.31,847.0,M,Married,North,Sedan,3,1
435,15113,2025-03-24,28,20,1146.71,709.6,M,Married,West,SUV,1,1
436,10853,2025-06-20,31,3,506.76,538.8,M,Single,East,Hatchback,3,1
437,10146,2025-01-11,55,15,1094.93,385.2,M,Single,South,Truck,0,0
438,15544,2025-06-10,21,1,662.17,384.7,M,Single,West,Sedan,2,1
439,15690,2025-04-23,64,6,227.76,507.8,M,Married,North,Truck,5,0
440,14828,2025-05-19,62,15,446.71,402.6,F,Married,West,SUV,4,1
441,19085,2025-02-11,22,16,401.53,462.6,F,Divorced,East,Truck,0,1
442,18289,2025-04-08,64,5,1347.81,640.9,F,Divorced,South,SUV,5,0
443,18830,2025-04-10,30,16,1088.19,721.2,M,Divorced,East,SUV,3,1
444,11809,2025-01-25,51,2,256.91,815.8,M,Single,South,Hatchback,3,0
445,10521,2025-05-27,59,12,1055.3,589.2,F,Single,East,Sedan,4,1
446,10214,2025-02-23,59,15,1406.92,757.6,F,Divorced,North,SUV,4,1
447,16814,2025-04-05,68,1,1270.74,446.2,M,Divorced,North,SUV,0,0
448,18511,2025-01-25,24,7,891.16,404.2,M,Divorced,South,Truck,5,0
449,19446,2025-04-02,61,14,1113.32,534.9,M,Single,South,Truck,4,1
450,12591,2025-05-17,56,14,1413.58,796.4,F,Married,West,Truck,5,0
451,13943,2025-05-25,52,6,687.58,602.6,F,Married,West,Truck,3,0
452,10567,2025-03-14,56,0,872.89,846.4,F,Single,East,Sedan,1,0
453,10355,2025-06-26,70,8,1394.85,581.2,M,Single,North,Truck,2,0
454,14341,2025-04-04,74,18,524.81,440.9,F,Single,West,Sedan,5,1
455,15319,2025-05-04,29,15,1273.42,679.3,M,Divorced,East,Hatchback,5,1
456,16251,2025-01-21,67,1,1398.43,483.9,F,Married,North,Sedan,5,0
457,19868,2025-01-03,58,20,697.23,467.6,M,Married,South,SUV,4,1
458,12509,2025-01-13,61,12,1462.35,714.1,M,Single,West,SUV,3,0
459,15507,2025-01-22,48,18,1168.91,601.5,F,Single,West,Truck,5,0
460,12209,2025-05-04,53,6,834.22,658.7,M,Divorced,South,Sedan,0,0
461,17046,2025-03-24,61,18,316.47,669.5,F,Married,East,Sedan,2,1
462,10396,2025-03-20,28,11,1001.09,844.6,F,Divorced,South,Truck,0,0
463,13825,2025-02-21,61,11,402.79,700.7,M,Single,North,Sedan,4,1
464,14713,2025-01-04,39,3,596.65,559.2,F,Single,South,Sedan,4,0
465,14237,2025-05-21,48,19,1148.9,377.7,M,Married,North,SUV,1,1
466,13288,2025-06-28,57,8,269.01,660.1,M,Single,West,SUV,5,0
467,15901,2025-01-28,19,9,1327.63,657.2,M,Married,North,SUV,3,1
468,18709,2025-01-23,29,6,850.85,551.9,M,Single,South,SUV,2,0
469,12572,2025-01-05,40,11,661.99,466.3,F,Single,East,Truck,0,0
470,14590,2025-02-27,27,10,1366.33,661.3,M,Divorced,West,Sedan,3,0
471,12502,2025-04-20,80,9,1382.66,481.1,M,Single,South,Sedan,1,0
472,18582,2025-02-04,45,4,1053.1,610.7,M,Married,North,Hatchback,1,0
473,12384,2025-01-08,66,10,1344.17,527.7,F,Married,West,SUV,1,1
474,11749,2025-02-03,29,0,1191.18,636.6,F,Divorced,South,Sedan,1,0
475,15886,2025-01-21,62,15,374.31,765.4,F,Divorced,East,Sedan,3,1
476,12253,2025-02-11,30,7,241.9,720.5,M,Married,West,Sedan,5,0
477,13323,2025-02-22,22,5,1405.23,842.1,F,Divorced,East,Truck,1,0
478,10685,2025-06-05,65,12,1136.26,516.8,M,Divorced,North,Truck,3,1
479,10694,2025-03-04,51,17,714.29,704.3,F,Divorced,North,Sedan,2,1
480,14989,2025-03-15,47,5,749.2,637.2,M,Divorced,South,Truck,5,0
481,18202,2025-01-29,29,18,1419.2,682.9,M,Married,West,SUV,3,0
482,17433,2025-06-01,75,6,1347.31,349.6,F,Divorced,South,Hatchback,0,0
483,17362,2025-06-12,41,2,880.96,511.2,M,Married,West,Hatchback,1,1
484,19265,2025-06-18,73,4,410.76,379.5,M,Married,East,SUV,5,1
485,17311,2025-03-15,58,5,352.82,372.4,M,Single,East,Hatchback,3,0
486,18169,2025-05-20,69,0,990.38,571.4,M,Divorced,West,Truck,3,0
487,19850,2025-06-03,18,7,1346.82,453.0,M,Single,South,Sedan,0,0
488,10601,2025-02-07,72,1,1067.1,760.9,F,Married,North,Hatchback,0,0
489,12920,2025-02-11,61,9,994.42,680.3,M,Married,East,Hatchback,0,0
490,15289,2025-04-05,75,12,1266.34,717.1,M,Married,West,Sedan,0,0
491,14496,2025-03-26,51,13,882.04,682.7,M,Single,North,Truck,5,1
492,14705,2025-04-20,56,10,537.56,616.3,F,Single,West,Truck,3,0
493,19984,2025-03-01,63,9,1473.03,300.9,M,Married,North,Sedan,4,1
494,16783,2025-01-12,39,11,928.54,650.6,M,Divorced,South,SUV,2,1
495,15042,2025-03-18,50,17,621.1,303.4,F,Married,West,Hatchback,1,1
496,15536,2025-06-22,48,15,1236.43,655.1,F,Single,West,SUV,3,1
497,16782,2025-01-15,71,16,589.15,698.7,F,Divorced,North,Sedan,4,1
498,15793,2025-01-17,80,4,564.6,317.1,F,Divorced,South,Truck,1,0
499,15050,2025-06-30,72,10,1122.79,449.3,M,Married,South,SUV,3,1
500,14958,2025-02-25,51,9,427.52,505.8,M,Single,North,Truck,4,0
501,17907,2025-05-09,27,6,642.15,565.9,F,Married,South,Hatchback,4,1
502,12174,2025-02-22,64,1,797.18,692.5,M,Single,East,Hatchback,5,0
503,11426,2025-03-27,47,1,334.03,721.4,F,Single,East,Sedan,2,0
504,14695,2025-03-12,52,10,1204.62,669.1,F,Single,South,SUV,0,0
505,19168,2025-05-12,24,6,905.29,602.2,F,Single,East,Sedan,1,0
506,15549,2025-05-19,46,1,369.1,558.9,M,Single,West,Hatchback,0,0
507,12932,2025-06-30,56,18,1018.31,679.6,F,Divorced,East,SUV,2,1
508,18740,2025-01-21,80,14,938.13,351.1,F,Single,West,SUV,5,1
509,17625,2025-05-01,32,7,386.84,792.6,F,Married,West,Sedan,5,0
510,15412,2025-03-25,47,15,239.34,561.4,F,Married,West,Sedan,2,1
511,19903,2025-05-28,26,16,333.81,749.7,M,Married,North,SUV,4,1
512,19675,2025-04-16,33,19,516.8,387.5,F,Married,North,SUV,1,1
513,19682,2025-04-21,68,13,937.37,488.2,M,Single,North,Truck,0,0
514,17584,2025-03-25,53,3,1268.63,396.9,F,Single,North,Truck,2,0
515,11007,2025-01-24,31,4,1353.44,796.8,M,Single,South,Truck,4,0
516,19468,2025-04-25,30,6,1085.97,474.1,F,Married,East,Hatchback,4,0
517,18362,2025-04-14,72,4,1308.26,334.3,M,Single,East,Hatchback,2,1
518,13854,2025-04-21,62,18,712.55,475.0,F,Married,West,Truck,4,1
519,12841,2025-05-02,26,6,922.05,763.8,F,Married,South,SUV,5,0
520,10190,2025-01-19,59,0,387.19,786.7,F,Single,North,Sedan,5,0
521,17471,2025-06-28,56,13,1010.22,549.9,F,Divorced,West,Truck,2,1
522,16959,2025-06-04,18,18,847.6,702.0,F,Married,East,Hatchback,0,0
523,16038,2025-01-29,55,15,1450.26,344.0,F,Married,North,Hatchback,1,1
524,11279,2025-06-25,58,17,1237.53,471.9,M,Married,North,Truck,3,1
525,17687,2025-05-27,64,10,747.32,828.3,F,Married,South,Hatchback,5,0
526,14981,2025-05-25,34,1,1018.09,618.0,M,Divorced,East,Hatchback,2,0
527,12077,2025-05-10,22,8,527.67,638.7,F,Married,North,Hatchback,4,0
528,19695,2025-02-08,60,14,680.7,396.5,M,Married,South,Hatchback,2,1
529,12376,2025-06-02,77,4,1288.9,714.0,F,Married,South,Truck,5,0
530,13454,2025-05-28,64,11,270.62,445.4,M,Single,South,Truck,3,1
531,17803,2025-05-17,32,12,1088.56,514.5,F,Single,West,Hatchback,2,1
532,17353,2025-04-08,61,10,1450.29,675.6,M,Single,East,Truck,4,0
533,14466,2025-03-27,35,8,1243.01,440.4,F,Married,South,Sedan,4,0
534,12947,2025-03-22,53,0,1074.64,757.4,M,Married,North,Hatchback,5,0
535,13594,2025-03-14,34,6,244.25,640.7,M,Divorced,South,Hatchback,5,0
536,11415,2025-06-04,26,12,1053.31,794.9,M,Single,South,SUV,2,1
537,11240,2025-06-13,47,8,1200.17,680.7,F,Married,South,Hatchback,2,0
538,16271,2025-04-10,39,1,535.71,747.0,M,Married,North,Truck,1,0
539,12923,2025-06-15,49,3,387.03,722.8,M,Divorced,North,Truck,5,0
540,10571,2025-01-19,22,18,1145.81,727.5,M,Married,South,Hatchback,0,0
541,14365,2025-02-08,62,10,1376.0,616.1,F,Married,West,Truck,5,0
542,11148,2025-05-19,32,0,699.75,679.1,F,Single,East,SUV,5,0
543,10904,2025-06-11,79,20,317.87,594.0,F,Single,West,SUV,5,1
544,19084,2025-01-11,79,12,1058.95,464.4,F,Single,East,Truck,0,0
545,17175,2025-02-18,26,1,451.02,695.9,M,Married,West,Hatchback,4,0
546,18186,2025-05-17,79,14,1456.55,309.0,F,Single,East,Hatchback,3,1
547,18570,2025-04-28,78,17,393.64,618.6,M,Single,South,Truck,5,0
548,10750,2025-03-04,62,20,369.7,394.7,M,Married,North,Truck,4,1
549,19683,2025-01-17,70,3,348.43,627.2,M,Single,South,Truck,2,0
550,16586,2025-03-25,25,18,909.65,476.9,M,Single,South,SUV,0,0
551,12314,2025-04-17,28,11,919.43,541.3,M,Single,North,Truck,1,1
552,17978,2025-01-21,18,0,433.24,349.0,F,Married,West,Sedan,1,0
553,14439,2025-05-14,46,13,511.03,396.0,M,Divorced,South,Truck,4,1
554,14934,2025-03-31,44,0,925.02,405.5,M,Divorced,East,Sedan,3,1
555,13409,2025-03-12,21,6,346.48,382.1,F,Married,South,Sedan,5,1
556,10885,2025-06-15,41,9,472.47,438.3,F,Single,North,Hatchback,4,0
557,10476,2025-05-05,50,3,292.12,429.4,F,Divorced,East,Truck,1,1
558,15336,2025-02-28,67,3,623.97,353.9,F,Single,West,Sedan,0,0
559,17936,2025-01-14,74,13,388.42,810.3,F,Single,West,SUV,1,1
560,13181,2025-06-11,40,8,462.87,370.0,M,Married,South,Hatchback,3,0
561,12804,2025-03-29,32,9,984.73,734.3,M,Divorced,South,Hatchback,3,0
562,18015,2025-02-25,55,15,1288.09,453.5,F,Divorced,South,Sedan,2,1
563,13643,2025-06-01,78,4,1387.88,794.0,F,Single,North,Truck,5,0
564,10550,2025-04-19,51,12,823.05,738.9,M,Married,West,Sedan,0,0
565,10203,2025-06-27,64,13,1434.91,373.0,F,Single,North,Hatchback,3,1
566,12650,2025-06-30,47,18,1171.47,313.4,F,Married,South,Truck,1,1
567,16068,2025-06-10,47,20,201.77,645.0,F,Divorced,East,Hatchback,2,1
568,14420,2025-06-28,78,19,905.17,737.0,M,Divorced,East,Hatchback,4,1
569,15963,2025-01-14,25,12,675.27,640.5,F,Married,South,Hatchback,4,1
570,13354,2025-02-05,80,10,510.22,362.5,F,Divorced,South,Sedan,2,0
571,14380,2025-05-09,61,13,560.29,334.9,F,Married,West,Hatchback,3,1
572,18730,2025-03-16,46,19,678.59,670.3,M,Single,West,Hatchback,0,0
573,12929,2025-03-15,79,2,342.17,451.8,M,Married,South,Sedan,4,1
574,10371,2025-03-17,44,17,1411.24,560.6,F,Married,North,SUV,1,1
575,13806,2025-05-14,59,10,735.2,488.5,F,Married,West,Truck,2,0
576,15021,2025-02-13,68,8,494.82,504.5,F,Single,South,SUV,2,0
577,12725,2025-06-08,77,5,1125.36,456.9,M,Divorced,South,Sedan,1,0
578,15187,2025-05-28,26,14,538.53,401.5,M,Divorced,East,SUV,1,1
579,18845,2025-02-11,52,9,357.94,313.7,F,Single,West,SUV,1,0
580,18948,2025-05-10,39,20,1117.09,560.7,F,Divorced,South,Truck,2,1
581,17847,2025-01-11,26,17,351.94,313.6,M,Married,East,Hatchback,2,1
582,13197,2025-05-30,51,7,1215.67,721.9,M,Single,North,Truck,5,0
583,11431,2025-05-12,43,6,837.6,631.7,M,Divorced,East,Truck,1,0
584,17006,2025-04-05,42,11,215.85,489.7,F,Married,North,Sedan,5,1
585,16809,2025-04-24,36,5,1247.37,833.7,F,Divorced,West,Sedan,4,0
586,12353,2025-02-23,37,15,1484.9,588.9,F,Single,West,Hatchback,0,0
587,14478,2025-04-17,29,17,800.76,612.4,M,Single,South,Truck,2,1
588,10691,2025-03-19,71,18,595.09,607.6,F,Single,North,Hatchback,1,0
589,17742,2025-02-01,59,9,742.3,570.5,M,Single,North,SUV,3,1
590,11093,2025-06-03,65,11,955.39,611.1,F,Divorced,West,Hatchback,2,1
591,19425,2025-01-05,72,8,411.7,332.2,F,Married,South,SUV,1,0
592,15917,2025-04-18,58,11,263.33,460.4,M,Divorced,South,Sedan,0,0
593,12738,2025-05-20,38,10,1274.87,676.7,F,Married,East,Hatchback,4,0
594,12354,2025-01-04,26,16,565.84,728.3,F,Married,South,Hatchback,1,0
595,13622,2025-02-18,68,17,997.46,757.3,M,Married,West,Hatchback,0,0
596,10284,2025-05-03,40,9,1098.37,376.5,F,Divorced,East,Sedan,5,0
597,11943,2025-02-26,26,4,1094.46,469.1,M,Single,North,Truck,5,1
598,11830,2025-01-20,19,15,1184.53,323.4,M,Single,North,Truck,0,1
599,10709,2025-01-17,37,0,1180.92,730.3,M,Divorced,South,Sedan,5,0
600,11487,2025-02-07,72,8,1433.43,491.3,M,Divorced,South,Hatchback,0,0
601,10229,2025-05-16,31,6,1453.54,394.5,M,Divorced,North,Sedan,4,1
602,17777,2025-04-04,62,18,440.66,670.4,M,Single,East,Truck,3,0
603,13728,2025-04-15,25,10,360.7,360.7,M,Married,East,SUV,4,1
604,11347,2025-03-25,49,3,700.22,551.3,F,Divorced,West,Sedan,4,0
605,17011,2025-02-18,72,2,1363.18,741.3,F,Single,North,Truck,5,0
606,17177,2025-05-14,60,2,354.98,517.1,M,Divorced,South,Hatchback,2,1
607,15548,2025-02-21,56,12,359.59,761.0,F,Married,East,Truck,2,1
608,19882,2025-04-14,49,16,562.56,722.4,M,Single,East,Truck,3,0
609,12205,2025-01-08,24,1,1279.41,574.0,M,Single,West,SUV,1,0
610,11578,2025-01-20,60,16,1197.84,736.0,M,Married,West,Truck,4,0
611,15629,2025-05-19,52,0,1438.35,317.4,F,Single,West,Truck,2,1
612,17250,2025-04-28,20,1,429.93,662.7,F,Divorced,South,Truck,3,0
613,16374,2025-05-05,66,3,939.51,569.8,F,Married,South,Hatchback,3,0
614,19683,2025-04-07,57,11,1196.41,456.4,M,Single,North,Sedan,2,1
615,19567,2025-01-07,66,20,643.63,353.5,F,Married,West,SUV,0,0
616,14056,2025-03-02,59,9,970.29,800.7,M,Married,North,SUV,1,0
617,15343,2025-01-10,47,13,938.46,795.8,F,Single,West,Hatchback,2,1
618,16394,2025-03-24,54,3,1250.82,355.0,M,Married,West,SUV,1,0
619,15952,2025-04-22,30,15,1026.08,835.8,M,Divorced,South,SUV,2,0
620,19396,2025-04-13,69,7,1011.94,826.9,M,Divorced,East,SUV,0,0
621,18700,2025-05-02,45,6,651.51,342.2,F,Divorced,East,Truck,5,0
622,13278,2025-04-17,43,8,1012.45,549.3,M,Single,South,Truck,1,0
623,17656,2025-03-10,77,20,892.54,637.9,F,Divorced,North,Sedan,2,1
624,13938,2025-02-08,65,9,1297.36,525.6,M,Divorced,South,Truck,2,1
625,12631,2025-03-07,61,19,506.97,431.2,M,Single,North,Sedan,2,1
626,19172,2025-04-22,45,20,1377.35,411.1,F,Single,North,SUV,2,1
627,12883,2025-06-14,72,1,1452.92,567.2,M,Single,North,SUV,4,0
628,11041,2025-04-15,75,11,1073.17,787.1,F,Divorced,South,Sedan,0,0
629,18196,2025-01-31,51,18,1434.58,812.4,F,Married,North,Sedan,4,0
630,15134,2025-03-26,71,18,1158.41,743.2,M,Married,South,Sedan,0,0
631,14498,2025-04-23,44,8,1321.77,330.8,F,Divorced,North,SUV,4,0
632,14036,2025-03-13,74,4,671.9,693.6,F,Single,North,Hatchback,5,0
633,13926,2025-03-06,53,12,602.05,827.2,F,Divorced,North,Sedan,3,1
634,16438,2025-03-07,37,2,1417.22,716.2,F,Single,South,Truck,5,0
635,16656,2025-01-09,35,2,1270.16,817.3,F,Divorced,West,SUV,5,0
636,11644,2025-02-11,62,8,858.23,493.5,F,Married,North,Hatchback,5,0
637,17264,2025-06-14,26,0,720.86,645.6,F,Divorced,North,Hatchback,1,0
638,12131,2025-06-02,61,13,1230.43,475.7,F,Divorced,South,SUV,1,1
639,15367,2025-03-14,30,2,738.85,400.0,F,Divorced,South,Hatchback,0,0
640,13747,2025-01-23,80,14,457.75,685.7,M,Single,West,Truck,4,0
641,11459,2025-04-05,28,18,352.56,695.2,F,Married,West,Hatchback,1,1
642,13121,2025-03-10,36,15,696.7,537.2,M,Divorced,South,SUV,5,1
643,16853,2025-02-16,44,4,237.41,836.9,M,Divorced,West,Sedan,2,0
644,17506,2025-01-22,18,15,373.17,477.8,F,Divorced,South,Truck,5,1
645,19784,2025-03-07,22,3,924.1,328.7,M,Married,East,Hatchback,0,0
646,16241,2025-03-19,80,12,1072.64,372.7,M,Divorced,South,SUV,1,1
647,15557,2025-04-30,26,2,612.51,591.7,M,Married,North,SUV,0,0
648,18179,2025-03-13,65,11,1404.11,455.6,F,Divorced,East,SUV,3,1
649,15169,2025-05-06,66,4,922.38,807.6,F,Single,South,Sedan,0,0
650,10587,2025-05-01,34,5,1117.75,540.0,F,Single,West,SUV,5,0
651,17499,2025-05-07,25,4,360.75,351.5,F,Single,South,SUV,4,1
652,19595,2025-02-24,55,0,883.82,613.9,F,Single,South,Truck,5,0
653,15384,2025-01-07,36,3,712.42,624.7,M,Married,South,Hatchback,0,0
654,17861,2025-04-27,58,8,972.47,303.2,M,Divorced,West,SUV,5,1
655,19325,2025-02-03,31,1,1242.03,455.6,M,Divorced,North,Truck,0,0
656,12916,2025-03-03,79,12,315.94,768.8,M,Married,West,SUV,5,1
657,12525,2025-01-31,37,15,1241.43,704.7,F,Divorced,South,SUV,5,0
658,16020,2025-05-12,30,15,779.08,513.4,F,Divorced,West,Hatchback,3,1
659,13053,2025-04-22,58,13,320.83,582.3,F,Divorced,South,Sedan,3,1
660,18596,2025-01-22,36,14,768.56,799.0,F,Married,South,Sedan,5,1
661,14073,2025-05-14,45,9,939.1,603.0,M,Divorced,North,Truck,3,0
662,19313,2025-03-06,40,8,961.24,722.8,M,Single,West,Sedan,1,0
663,10741,2025-01-22,44,9,608.13,698.3,F,Divorced,East,SUV,1,0
664,11281,2025-06-04,34,3,763.94,309.9,F,Single,North,Sedan,5,0
665,16637,2025-06-18,79,19,1143.68,466.5,F,Divorced,West,SUV,0,0
666,10227,2025-02-18,25,0,1104.84,403.5,M,Single,West,Sedan,5,0
667,18824,2025-02-18,23,9,1200.64,381.5,F,Single,North,Sedan,1,1
668,17295,2025-05-05,48,0,1317.74,621.9,M,Married,West,Hatchback,2,0
669,17074,2025-04-17,72,15,1158.2,627.7,F,Single,West,Truck,3,1
670,17993,2025-03-01,63,1,886.8,532.1,F,Divorced,North,SUV,5,0
671,17755,2025-01-30,49,19,1420.65,490.7,F,Single,South,SUV,5,1
672,15633,2025-04-23,32,16,485.61,800.0,F,Divorced,West,Sedan,2,1
673,16395,2025-04-17,71,20,1154.96,737.8,M,Divorced,South,SUV,5,1
674,17911,2025-02-03,29,6,403.21,570.7,F,Married,East,Sedan,1,0
675,10297,2025-04-02,74,8,664.16,387.2,M,Single,East,Truck,0,0
676,11977,2025-05-24,32,15,535.17,487.2,F,Single,East,Sedan,5,1
677,19900,2025-06-21,24,1,1404.62,540.8,F,Single,North,Hatchback,4,0
678,11727,2025-02-12,58,3,1332.13,801.0,M,Divorced,East,Truck,4,0
679,11626,2025-02-09,59,11,634.99,375.8,M,Married,West,Hatchback,1,1
680,17760,2025-03-29,36,16,422.64,446.3,F,Married,South,Sedan,4,1
681,13738,2025-02-05,69,13,737.43,525.1,F,Divorced,East,Hatchback,3,1
682,10162,2025-05-13,78,2,310.21,473.1,M,Married,North,Truck,0,0
683,12473,2025-05-28,21,20,1474.06,739.5,F,Married,West,SUV,5,1
684,15638,2025-01-03,70,8,1370.27,635.7,M,Divorced,West,Truck,5,0
685,18919,2025-06-09,68,19,1047.65,683.6,F,Single,East,Hatchback,0,0
686,16389,2025-02-02,51,17,569.11,351.1,F,Divorced,East,Sedan,0,0
687,18846,2025-06-01,34,7,1281.9,467.2,F,Divorced,North,Hatchback,2,0
688,18314,2025-04-01,25,1,1183.53,817.7,F,Married,North,Truck,2,0
689,19528,2025-05-25,63,20,1065.18,764.5,M,Married,East,SUV,5,1
690,19384,2025-06-22,26,12,875.57,436.2,F,Divorced,South,SUV,3,1
691,16974,2025-04-16,23,2,280.85,788.7,F,Single,West,Hatchback,2,1
692,16598,2025-05-31,53,16,1212.47,779.6,F,Divorced,West,Truck,5,1
693,18020,2025-04-17,70,5,387.65,369.9,F,Single,North,Sedan,3,0
694,12569,2025-05-24,41,3,982.08,524.7,M,Married,East,Hatchback,4,0
695,16086,2025-03-20,41,9,582.18,315.4,M,Single,West,Hatchback,2,1
696,13532,2025-02-16,70,15,202.71,601.1,M,Single,West,Truck,4,0
697,17411,2025-03-28,68,12,817.8,696.0,M,Single,West,Truck,5,1
698,15328,2025-01-23,69,19,1063.85,525.3,M,Married,East,Hatchback,5,1
699,14544,2025-06-15,23,5,1119.37,614.6,F,Divorced,North,Hatchback,1,1
700,18877,2025-05-28,66,1,1444.48,587.0,F,Divorced,North,Hatchback,5,1
701,12944,2025-01-05,35,6,518.87,688.1,F,Single,East,Truck,4,0
702,10381,2025-03-29,45,5,739.42,772.8,F,Married,East,Hatchback,0,0
703,18876,2025-02-13,36,4,437.47,722.6,M,Married,West,Sedan,0,0
704,15329,2025-02-16,19,1,587.43,354.3,M,Married,East,SUV,3,1
705,11981,2025-01-14,30,7,1177.77,622.3,F,Divorced,West,Hatchback,2,0
706,17615,2025-05-22,44,2,829.42,524.1,M,Single,East,Hatchback,1,1
707,12057,2025-03-19,54,13,779.78,765.5,M,Single,East,Sedan,1,1
708,16942,2025-05-23,46,1,201.3,555.6,F,Divorced,South,Hatchback,0,0
709,17900,2025-03-11,56,8,1291.33,509.1,F,Divorced,South,SUV,0,0
710,18750,2025-05-25,22,9,316.63,684.1,M,Divorced,East,Truck,1,0
711,15215,2025-06-24,78,10,1025.72,838.8,F,Married,South,SUV,2,0
712,19822,2025-03-26,19,4,1040.38,301.1,F,Single,North,Sedan,3,1
713,18011,2025-04-11,52,2,1223.5,657.0,M,Divorced,North,Truck,5,0
714,16166,2025-06-03,40,12,430.34,722.4,M,Single,West,SUV,1,1
715,13629,2025-01-06,66,8,1084.72,690.1,M,Single,East,Sedan,1,0
716,15947,2025-01-10,35,15,1375.86,688.8,M,Single,South,Truck,0,0
717,19324,2025-05-09,49,5,917.32,662.9,M,Single,South,Hatchback,1,0
718,19337,2025-02-28,74,16,1147.57,450.9,M,Divorced,East,Truck,0,0
719,10849,2025-03-24,45,13,556.25,674.1,F,Married,East,Hatchback,5,0
720,14553,2025-04-18,52,14,611.11,515.5,F,Single,North,Sedan,5,1
721,11219,2025-03-05,30,5,627.99,334.6,M,Single,West,Truck,0,0
722,15477,2025-03-06,33,3,815.65,827.3,M,Married,South,Hatchback,4,0
723,11567,2025-06-10,46,18,362.27,836.0,M,Married,East,Hatchback,1,0
724,17240,2025-01-15,37,19,1014.04,336.2,M,Divorced,North,SUV,3,1
725,16735,2025-03-01,73,19,1223.72,643.2,F,Married,West,Truck,4,1
726,15564,2025-06-16,78,0,790.3,480.5,M,Single,North,Hatchback,4,1
727,19713,2025-02-19,75,18,363.78,579.9,F,Married,West,Truck,1,1
728,10722,2025-01-16,26,9,959.88,582.2,F,Married,South,Sedan,3,0
729,15618,2025-03-16,41,0,872.98,661.7,M,Single,South,Hatchback,3,0
730,13282,2025-06-13,76,6,1220.84,487.9,F,Divorced,West,SUV,4,0
731,15499,2025-06-07,37,13,627.2,357.7,M,Married,South,Hatchback,5,1
732,13772,2025-04-30,57,6,510.72,704.0,F,Divorced,West,Sedan,3,0
733,10110,2025-04-03,18,2,665.25,605.1,M,Married,West,Sedan,5,0
734,15896,2025-01-12,80,0,458.86,456.3,M,Married,South,SUV,4,0
735,13211,2025-01-06,29,8,1383.84,311.5,M,Married,North,SUV,1,0
736,13934,2025-04-05,69,11,1059.18,817.6,F,Divorced,North,Hatchback,1,1
737,12142,2025-02-18,30,17,691.65,505.8,F,Divorced,South,Hatchback,4,1
738,18773,2025-03-17,68,4,625.98,329.3,F,Single,West,Sedan,5,0
739,17711,2025-06-19,57,2,417.66,513.5,F,Married,West,Sedan,2,1
740,18609,2025-06-27,48,15,815.89,619.7,M,Single,South,Sedan,3,1
741,16486,2025-02-25,37,13,1355.32,614.3,F,Married,North,Sedan,0,0
742,18500,2025-04-01,32,18,253.49,581.7,F,Married,West,Truck,3,1
743,18151,2025-03-23,35,12,232.13,542.9,F,Divorced,North,SUV,0,0
744,18220,2025-05-12,52,20,301.61,452.0,M,Single,North,Hatchback,2,1
745,13281,2025-03-27,30,10,525.03,709.9,F,Single,South,SUV,0,0
746,14617,2025-03-30,68,12,1429.56,752.0,M,Married,South,Truck,1,0
747,13438,2025-05-02,32,16,963.1,603.9,F,Divorced,West,SUV,0,0
748,13077,2025-04-20,67,13,472.46,547.5,M,Married,South,Sedan,2,1
749,10158,2025-05-08,69,11,641.77,530.5,F,Divorced,East,SUV,4,1
750,10527,2025-02-05,27,10,938.65,739.5,F,Married,South,Truck,0,0
751,13085,2025-05-02,24,10,940.37,548.3,F,Single,South,Hatchback,5,1
752,10525,2025-06-26,56,15,234.89,409.4,F,Married,South,Sedan,2,1
753,11146,2025-04-27,21,11,874.09,394.5,F,Married,South,Hatchback,1,1
754,17835,2025-01-18,42,6,368.91,413.1,F,Divorced,West,Sedan,4,0
755,15084,2025-05-31,30,16,1131.8,552.4,M,Single,South,Truck,0,0
756,19909,2025-03-05,51,10,1383.39,783.6,F,Married,North,Hatchback,2,0
757,17476,2025-03-30,62,9,708.42,752.9,M,Married,South,Sedan,4,0
758,17501,2025-04-09,76,5,1108.08,352.5,M,Single,South,SUV,5,0
759,11093,2025-06-28,64,6,1381.36,526.2,M,Married,North,Hatchback,4,1
760,15341,2025-04-15,46,5,528.6,578.3,F,Single,North,Truck,3,0
761,16542,2025-02-19,43,1,213.96,363.1,M,Married,West,Truck,3,0
762,18985,2025-06-18,33,14,382.33,751.2,M,Single,North,Hatchback,1,0
763,18759,2025-04-11,28,2,1072.81,306.2,F,Single,West,SUV,1,0
764,10564,2025-06-22,52,6,774.68,326.3,M,Married,East,Truck,0,0
765,10797,2025-04-07,67,6,1407.47,506.1,M,Single,North,Hatchback,3,0
766,10238,2025-03-28,70,6,1083.95,334.7,M,Divorced,South,Sedan,0,0
767,11764,2025-03-25,38,17,1014.82,643.6,F,Married,North,Sedan,1,0
768,15298,2025-02-14,18,12,1050.19,306.6,M,Married,South,Hatchback,5,1
769,16045,2025-01-12,22,6,734.43,722.1,F,Single,South,SUV,0,0
770,16366,2025-06-23,77,4,631.66,649.4,F,Divorced,West,Hatchback,2,0
771,19585,2025-04-25,42,16,1032.77,427.8,M,Single,North,Hatchback,2,1
772,17020,2025-03-04,57,2,277.9,506.0,F,Single,South,Truck,1,0
773,13900,2025-06-03,78,14,1161.03,480.8,F,Married,North,Truck,5,1
774,10388,2025-02-28,72,10,645.55,413.2,M,Divorced,South,Sedan,4,1
775,18543,2025-03-24,29,14,1018.72,335.5,F,Single,South,Hatchback,5,1
776,13345,2025-02-02,23,5,970.42,757.2,M,Single,North,Truck,5,0
777,12689,2025-02-20,33,13,429.37,436.9,F,Divorced,West,Sedan,2,1
778,17883,2025-01-21,78,11,717.72,392.3,F,Married,West,Sedan,3,1
779,16249,2025-04-20,72,2,1186.52,806.8,M,Divorced,South,SUV,3,0
780,17431,2025-03-14,42,17,987.83,339.6,M,Divorced,West,Sedan,1,1
781,10068,2025-01-04,73,16,1149.48,505.8,F,Married,West,SUV,3,1
782,19638,2025-01-19,44,1,1490.21,368.5,M,Single,West,SUV,5,0
783,18005,2025-06-12,62,11,1105.39,658.0,F,Divorced,South,Sedan,3,0
784,15921,2025-06-11,63,0,1106.71,654.9,F,Divorced,West,Sedan,2,0
785,19475,2025-06-19,71,5,216.04,724.0,F,Married,North,Sedan,3,0
786,16993,2025-03-06,62,9,850.84,593.3,F,Divorced,East,Truck,5,1
787,11790,2025-06-12,54,11,1258.5,448.0,M,Divorced,West,SUV,0,0
788,18056,2025-01-01,24,2,1205.87,529.8,F,Divorced,East,Truck,1,0
789,13053,2025-06-30,26,6,832.41,576.4,M,Married,South,Sedan,1,0
790,12993,2025-02-19,34,13,772.95,802.1,M,Divorced,South,Hatchback,2,0
791,12042,2025-03-12,22,10,238.57,429.1,F,Divorced,North,Hatchback,0,0
792,10118,2025-06-20,55,1,325.89,587.3,M,Married,East,Truck,3,1
793,19902,2025-04-20,39,11,1086.42,488.7,F,Single,East,Truck,3,1
794,15833,2025-03-26,69,3,204.01,778.8,F,Divorced,South,Hatchback,4,0
795,18693,2025-03-13,78,7,678.96,640.1,F,Divorced,West,Sedan,0,0
796,15278,2025-01-05,58,11,1335.46,833.3,F,Divorced,West,Sedan,4,1
797,11333,2025-03-31,45,15,1482.93,771.4,M,Divorced,West,SUV,4,0
798,12345,2025-05-14,74,18,1220.32,694.2,M,Single,West,Hatchback,2,1
799,18990,2025-04-30,28,14,1441.57,565.2,M,Single,South,Sedan,5,1
800,11728,2025-04-22,63,0,408.31,810.9,F,Married,South,SUV,5,0
801,12016,2025-06-20,26,17,1023.61,570.6,F,Single,North,SUV,3,1
802,16252,2025-06-17,59,17,1456.12,540.3,M,Single,East,Hatchback,2,1
803,11460,2025-03-29,65,18,1418.37,709.5,M,Divorced,East,Sedan,2,1
804,19452,2025-01-01,37,1,967.08,404.4,F,Married,East,SUV,5,1
805,12069,2025-05-14,60,19,968.01,358.6,M,Divorced,West,SUV,1,1
806,14863,2025-02-26,49,14,391.65,455.9,M,Divorced,East,SUV,4,1
807,12022,2025-03-12,72,18,821.77,755.8,F,Married,West,Hatchback,2,0
808,13450,2025-02-27,62,1,1400.11,726.8,F,Divorced,West,SUV,5,0
809,12608,2025-01-06,53,12,638.63,672.8,F,Married,West,Hatchback,4,1
810,14626,2025-06-28,77,6,1111.44,601.4,M,Single,East,Hatchback,5,0
811,12681,2025-05-28,26,14,1104.74,460.1,M,Single,South,Sedan,5,1
812,15934,2025-05-28,24,4,689.52,840.5,M,Single,North,SUV,3,0
813,10859,2025-01-31,80,16,1045.13,626.4,M,Divorced,West,Sedan,0,0
814,16498,2025-05-06,37,19,1440.92,659.0,F,Divorced,North,Truck,5,1
815,17292,2025-04-05,18,3,351.62,367.1,M,Single,West,SUV,5,1
816,19713,2025-02-16,42,15,1499.94,686.5,F,Divorced,South,Hatchback,2,0
817,18806,2025-02-17,43,0,711.94,749.6,F,Single,North,Sedan,5,0
818,12960,2025-06-03,62,5,206.92,546.0,F,Single,North,Sedan,4,0
819,12641,2025-01-23,53,8,1306.89,319.3,M,Divorced,East,SUV,4,0
820,10001,2025-03-05,37,1,1430.08,585.7,F,Divorced,West,Sedan,4,0
821,15127,2025-05-14,76,11,988.02,580.8,M,Divorced,North,Sedan,0,0
822,14910,2025-02-25,79,4,982.79,418.8,F,Married,South,Truck,0,0
823,14270,2025-04-08,59,5,720.08,345.8,F,Divorced,West,Sedan,4,0
824,14413,2025-06-12,62,20,450.42,504.7,M,Married,South,SUV,3,1
825,19889,2025-03-05,22,8,362.01,360.5,F,Single,East,Hatchback,2,1
826,14476,2025-02-07,73,7,555.74,353.9,M,Married,North,Hatchback,1,0
827,15022,2025-05-31,70,15,324.2,491.9,F,Divorced,East,Hatchback,0,0
828,16382,2025-02-16,40,17,917.17,785.1,F,Married,South,SUV,0,0
829,12547,2025-06-18,26,4,692.44,704.5,M,Divorced,East,Sedan,5,0
830,17500,2025-02-16,46,11,1238.01,576.2,F,Married,South,SUV,5,1
831,15007,2025-04-15,67,10,1298.82,649.1,M,Divorced,South,Hatchback,1,0
832,11385,2025-03-15,53,15,1250.85,305.9,F,Divorced,South,Truck,3,1
833,18722,2025-06-28,25,12,218.07,404.6,M,Divorced,West,SUV,1,1
834,18652,2025-06-25,56,1,989.59,830.6,M,Single,North,SUV,1,0
835,10834,2025-04-19,49,12,421.63,833.4,F,Divorced,South,Hatchback,2,0
836,14809,2025-03-09,31,0,1159.43,612.9,M,Married,North,Truck,4,0
837,10942,2025-04-02,18,19,798.46,464.1,M,Single,East,Sedan,3,1
838,11660,2025-04-21,49,6,310.17,582.9,M,Married,North,Truck,0,0
839,14098,2025-02-27,48,12,686.6,500.5,M,Divorced,East,Hatchback,3,1
840,17198,2025-02-11,26,11,1171.22,303.2,M,Single,South,SUV,0,0
841,16898,2025-03-26,75,1,408.41,409.4,F,Divorced,East,Hatchback,3,0
842,18119,2025-06-24,63,4,622.35,720.4,F,Divorced,West,Sedan,0,0
843,10346,2025-02-02,27,11,850.0,722.1,M,Single,East,Truck,4,1
844,17116,2025-05-03,36,9,831.71,718.5,M,Divorced,South,Sedan,1,0
845,11884,2025-03-09,62,7,1066.23,536.0,F,Divorced,North,Sedan,1,1
846,19686,2025-06-11,58,4,498.2,372.8,M,Married,South,Sedan,3,0
847,13270,2025-01-24,73,1,694.46,588.7,M,Single,East,Truck,3,0
848,16997,2025-06-14,21,9,343.07,500.0,F,Divorced,West,Sedan,2,1
849,12977,2025-01-11,18,1,1058.56,476.9,F,Married,East,Hatchback,3,0
850,18049,2025-04-04,39,9,344.99,667.9,M,Married,East,SUV,5,0
851,18664,2025-06-04,41,7,1045.32,415.5,F,Single,North,Sedan,5,1
852,11971,2025-01-11,55,20,1262.63,406.1,F,Single,North,SUV,2,1
853,13309,2025-05-17,64,4,256.95,405.4,F,Divorced,East,SUV,3,0
854,11923,2025-04-22,22,15,744.71,812.2,M,Single,East,Sedan,2,1
855,19276,2025-01-16,68,6,1162.93,518.6,M,Single,West,Truck,4,1
856,16567,2025-06-05,35,6,439.29,388.0,M,Divorced,North,Truck,4,1
857,18602,2025-03-08,37,7,585.27,447.7,M,Single,South,Hatchback,4,0
858,10640,2025-06-13,27,8,1405.42,448.7,M,Divorced,South,Sedan,4,0
859,15692,2025-06-11,56,11,621.93,820.5,F,Divorced,South,Truck,4,0
860,10938,2025-06-10,70,0,1271.11,420.6,F,Single,East,Hatchback,4,0
861,19556,2025-01-28,64,12,1429.35,441.5,M,Married,South,SUV,2,1
862,16479,2025-02-09,46,7,1148.76,538.6,M,Married,North,Truck,1,0
863,12885,2025-02-18,54,15,1426.36,399.2,F,Single,East,Sedan,1,1
864,19958,2025-02-18,22,4,293.66,434.9,F,Single,South,Hatchback,4,0
865,16291,2025-01-06,25,0,1192.48,654.5,M,Single,South,Hatchback,2,0
866,19824,2025-01-04,68,0,1444.9,358.5,F,Divorced,North,Sedan,1,0
867,19221,2025-04-24,70,5,599.6,563.4,M,Single,East,Hatchback,0,0
868,11684,2025-05-20,36,3,865.01,760.1,M,Single,South,Hatchback,1,0
869,12414,2025-04-01,59,9,493.65,783.4,F,Divorced,North,Truck,1,0
870,13678,2025-01-27,79,9,664.5,638.6,M,Married,North,Hatchback,4,0
871,17022,2025-05-16,39,19,435.78,533.9,F,Divorced,East,SUV,0,0
872,18179,2025-06-19,41,8,1253.94,691.2,M,Single,South,Sedan,2,0
873,17318,2025-05-03,70,2,347.11,535.1,F,Single,North,SUV,1,0
874,16308,2025-04-01,38,15,750.98,681.4,F,Divorced,East,Sedan,5,1
875,16278,2025-04-18,53,15,900.37,570.9,M,Married,North,Truck,4,1
876,13593,2025-06-29,23,7,670.22,411.8,M,Married,West,Sedan,0,0
877,15723,2025-04-03,72,4,583.11,379.3,F,Single,South,Sedan,0,0
878,11920,2025-06-28,63,4,690.7,314.5,F,Married,North,Hatchback,5,0
879,17812,2025-06-02,73,5,239.24,500.9,M,Single,North,Hatchback,4,1
880,16823,2025-02-08,66,5,810.69,377.1,F,Married,West,SUV,3,1
881,10216,2025-03-15,25,4,278.0,653.3,M,Divorced,South,Hatchback,3,0
882,17443,2025-05-22,63,8,1394.9,576.0,M,Married,South,SUV,0,0
883,12050,2025-02-24,43,19,272.8,515.8,M,Divorced,West,Truck,2,1
884,16637,2025-04-08,28,1,1244.34,655.7,M,Married,North,Hatchback,0,0
885,15496,2025-01-08,33,9,411.59,358.6,M,Divorced,North,SUV,1,0
886,10530,2025-03-03,35,2,1469.66,610.6,F,Single,North,SUV,0,0
887,10138,2025-04-02,66,9,1446.36,575.1,F,Married,East,Sedan,5,1
888,15428,2025-04-15,75,16,331.3,744.1,M,Single,West,Truck,4,1
889,10612,2025-03-16,28,4,1087.09,343.3,M,Divorced,South,Sedan,5,0
890,12638,2025-05-09,51,19,1046.81,811.6,F,Married,South,SUV,2,1
891,17059,2025-01-11,75,12,510.84,848.4,M,Single,West,Hatchback,0,0
892,15071,2025-05-21,73,2,848.59,550.1,M,Married,South,Hatchback,2,0
893,15789,2025-01-23,22,5,1123.85,553.4,F,Married,West,Sedan,0,0
894,17999,2025-01-11,41,9,721.22,771.4,M,Married,East,SUV,2,0
895,16769,2025-05-10,46,8,1340.63,845.2,M,Divorced,North,Sedan,5,0
896,10130,2025-02-09,72,3,577.86,387.0,F,Single,South,Truck,3,1
897,15716,2025-04-30,47,20,895.65,750.1,M,Single,South,Hatchback,3,1
898,13268,2025-04-13,39,2,612.47,848.0,F,Single,West,Hatchback,2,0
899,18930,2025-02-09,78,15,389.17,417.4,M,Divorced,West,Hatchback,2,1
900,17756,2025-02-24,21,6,1328.43,824.0,F,Married,East,Sedan,0,0
901,14487,2025-04-14,23,9,1335.91,548.3,F,Divorced,South,SUV,1,1
902,11514,2025-04-20,39,9,413.89,492.1,F,Married,West,Sedan,5,0
903,19344,2025-04-10,70,0,929.18,791.6,M,Single,South,SUV,5,0
904,15185,2025-01-04,27,14,1413.97,574.7,F,Single,West,SUV,4,1
905,17381,2025-02-02,58,14,1030.59,618.1,M,Single,South,Truck,5,1
906,12721,2025-06-03,42,6,652.51,823.8,M,Married,East,Hatchback,2,0
907,18226,2025-02-01,62,15,1043.59,550.8,F,Married,East,Truck,4,1
908,15502,2025-01-30,77,5,796.47,505.2,M,Divorced,West,Truck,2,1
909,17167,2025-06-12,36,19,1419.27,798.2,M,Single,North,Hatchback,5,0
910,16738,2025-01-27,49,19,1405.4,354.8,F,Divorced,North,SUV,3,1
911,17448,2025-05-22,42,3,454.23,558.3,M,Married,West,Truck,5,1
912,16484,2025-01-02,78,11,1216.85,579.2,F,Divorced,East,SUV,3,1
913,10068,2025-04-17,20,0,234.12,734.8,F,Married,South,Truck,1,0
914,16412,2025-02-19,57,20,711.31,328.4,F,Single,West,Sedan,3,1
915,18475,2025-02-10,45,7,329.45,740.6,M,Divorced,West,SUV,4,0
916,15282,2025-02-22,23,2,233.33,306.3,M,Single,North,Truck,0,0
917,12138,2025-04-27,58,20,1210.87,402.6,M,Married,South,Sedan,5,1
918,16194,2025-03-08,60,1,557.45,814.2,M,Divorced,North,Hatchback,3,0
919,12010,2025-01-28,27,9,540.59,399.3,M,Married,East,Sedan,3,0
920,10359,2025-04-16,22,15,1446.98,342.0,F,Married,East,Truck,1,1
921,10166,2025-02-15,60,18,1020.58,770.1,M,Married,East,Truck,4,1
922,10082,2025-02-10,51,8,1404.56,406.1,M,Divorced,North,Sedan,1,1
923,11880,2025-02-25,19,10,380.13,345.9,M,Married,East,Truck,1,1
924,15710,2025-05-22,59,9,807.16,745.0,F,Divorced,West,Sedan,2,0
925,14605,2025-04-11,24,18,1231.1,623.2,M,Single,West,Truck,3,1
926,14451,2025-03-23,57,3,989.48,536.1,F,Married,North,Truck,1,1
927,18378,2025-03-06,55,13,581.52,754.7,F,Married,North,Hatchback,1,1
928,17035,2025-02-17,40,7,294.43,661.3,F,Single,East,Hatchback,0,0
929,10178,2025-03-26,31,14,937.71,476.9,M,Divorced,North,Truck,2,1
930,18638,2025-02-25,24,17,561.46,634.3,M,Divorced,West,Truck,2,1
931,13246,2025-02-20,21,15,848.25,844.6,F,Single,North,Truck,1,1
932,19685,2025-04-09,33,18,227.65,309.8,M,Married,East,Sedan,3,1
933,18740,2025-05-16,20,10,1038.21,338.2,M,Married,East,SUV,2,1
934,16559,2025-01-21,53,10,841.96,325.9,F,Divorced,West,Truck,5,1
935,11989,2025-04-06,78,19,333.57,423.2,M,Single,North,SUV,5,1
936,13708,2025-02-13,23,6,1141.34,746.8,M,Divorced,North,SUV,0,0
937,14985,2025-01-20,34,10,1094.3,735.4,F,Married,South,Sedan,4,0
938,12069,2025-03-23,73,4,1178.95,788.3,F,Divorced,West,Hatchback,4,0
939,19468,2025-05-03,60,15,1469.25,477.1,F,Single,North,SUV,2,1
940,15783,2025-05-23,71,7,1057.33,704.4,M,Divorced,North,Hatchback,3,0
941,10215,2025-06-21,31,14,1264.06,403.4,M,Married,South,SUV,2,1
942,12523,2025-05-10,24,4,484.42,500.0,F,Divorced,South,Truck,1,0
943,16931,2025-02-12,61,9,1436.94,617.5,M,Single,West,Hatchback,5,0
944,10271,2025-04-28,29,8,237.16,664.0,F,Married,East,Hatchback,4,0
945,17069,2025-02-24,27,12,852.85,579.4,M,Married,East,SUV,0,0
946,16267,2025-04-19,30,9,446.28,397.2,F,Divorced,West,Truck,0,0
947,14078,2025-01-29,32,3,269.08,319.6,F,Single,North,Hatchback,2,0
948,16628,2025-04-11,43,3,485.85,753.2,F,Married,South,Sedan,1,0
949,14718,2025-06-30,56,9,1154.05,351.8,F,Divorced,East,Sedan,1,0
950,11137,2025-02-12,29,10,1369.83,378.0,M,Divorced,West,Truck,2,0
951,14322,2025-01-20,28,0,972.21,833.2,M,Married,South,Truck,0,0
952,10284,2025-05-26,61,9,1285.97,588.9,M,Single,North,Hatchback,2,1
953,15499,2025-04-26,49,11,1486.73,441.5,F,Married,East,Truck,0,0
954,14933,2025-03-27,75,16,1206.88,771.3,F,Single,East,Hatchback,1,1
955,13608,2025-06-18,27,11,847.18,434.4,F,Married,South,Hatchback,1,1
956,16189,2025-06-13,24,8,1340.29,673.3,F,Divorced,South,SUV,5,0
957,15426,2025-04-11,55,13,1428.85,451.9,M,Single,East,Hatchback,3,1
958,19284,2025-03-30,36,3,1460.31,574.4,M,Married,South,SUV,4,0
959,12664,2025-03-19,49,9,284.0,462.1,F,Single,South,SUV,4,0
960,18001,2025-03-20,18,13,657.93,758.8,M,Married,South,SUV,2,1
961,18224,2025-06-20,79,17,401.55,347.3,F,Single,South,Truck,4,1
962,14764,2025-02-26,20,15,1412.82,436.8,F,Married,West,Hatchback,2,1
963,19781,2025-03-21,29,18,766.56,781.8,M,Divorced,South,SUV,1,1
964,13268,2025-03-19,37,2,586.53,809.9,F,Divorced,South,Truck,3,0
965,18627,2025-04-24,62,10,854.96,676.8,F,Married,East,Truck,3,0
966,16721,2025-04-29,19,17,234.35,721.7,M,Single,East,Sedan,4,1
967,12085,2025-06-08,52,18,1341.15,329.4,F,Single,West,Hatchback,3,1
968,18487,2025-04-28,71,1,310.06,448.6,M,Married,North,SUV,4,0
969,15428,2025-01-16,25,18,1076.74,706.6,M,Divorced,South,Sedan,4,1
970,18115,2025-02-04,32,20,1307.93,465.5,F,Divorced,North,Truck,4,1
971,11879,2025-01-18,18,4,984.93,366.6,M,Single,South,Hatchback,3,0
972,18287,2025-04-24,43,1,1403.86,465.0,F,Single,South,SUV,4,1
973,12018,2025-04-21,27,20,228.16,377.9,M,Single,South,Truck,3,1
974,11638,2025-05-31,49,11,1068.01,515.2,M,Married,West,Truck,1,1
975,17488,2025-01-31,54,12,214.33,466.5,F,Single,East,Sedan,3,1
976,17509,2025-03-12,18,5,665.07,770.7,M,Married,West,Hatchback,1,0
977,15764,2025-06-17,64,18,641.08,693.4,M,Married,East,Truck,0,0
978,17925,2025-04-07,79,15,987.59,399.2,F,Single,East,SUV,4,1
979,16615,2025-01-18,20,0,1307.64,387.5,M,Divorced,North,Truck,5,1
980,13793,2025-03-02,24,5,1146.61,511.2,F,Single,North,SUV,0,0
981,11194,2025-04-24,66,11,988.49,762.4,M,Married,North,Truck,3,0
982,19400,2025-05-23,30,6,528.24,540.6,F,Single,South,Sedan,3,1
983,13150,2025-01-23,55,0,1017.85,667.8,M,Single,South,Hatchback,2,0
984,19310,2025-05-20,73,2,642.92,675.3,F,Single,South,Truck,4,0
985,19153,2025-02-05,69,2,770.54,644.0,M,Divorced,North,Sedan,4,0
986,11932,2025-05-08,32,1,981.94,482.0,M,Married,East,Truck,5,0
987,12586,2025-03-15,22,17,947.96,769.3,F,Married,North,Hatchback,4,1
988,14309,2025-06-17,19,1,639.46,443.5,F,Single,South,Sedan,4,1
989,15400,2025-06-19,76,1,506.3,340.1,M,Married,North,Truck,4,1
990,11320,2025-05-22,48,4,551.66,323.0,M,Married,South,SUV,3,0
991,13731,2025-01-06,77,1,234.26,730.0,M,Divorced,West,Hatchback,4,0
992,16342,2025-04-07,62,4,758.63,534.8,M,Single,West,Hatchback,4,1
993,16024,2025-04-01,30,10,767.48,331.9,M,Single,North,Sedan,3,1
994,18785,2025-05-26,20,0,1335.23,437.5,M,Single,North,Sedan,3,0
995,10716,2025-03-22,40,19,1051.77,434.3,F,Single,West,Truck,5,1
996,11258,2025-01-20,34,17,467.62,687.9,F,Single,West,SUV,2,1
997,14795,2025-06-17,33,16,1360.87,475.4,M,Single,East,Truck,5,1
998,17966,2025-03-13,23,6,1385.66,762.8,M,Married,South,Hatchback,2,1
999,12325,2025-01-10,80,7,1107.84,657.4,F,Single,North,Truck,0,0
1000,19637,2025-04-09,37,2,277.64,770.0,F,Married,North,Truck,3,0
